source,title,body_snippet,product_area,severity_tag,manual_severity,manual_area,date,url,score,num_comments,report_count,routing,llm_confidence,llm_reasoning
reddit,Cursor crashes on shutdown requiring daily reinstall,Failed to install cursor update on shutdown — uninstalls itself. User must reinstall every day.,Other,P0,P0,Performance,2026-06-16,,,,1,engineering_escalation,high,Complete loss of application functionality requiring daily reinstallation constitutes a blocking issue with severe user impact.
changelog,wait() resolved before terminal result written — broke CI pipelines,Hydration stopped before run reached final state. Broke headless automation reading partial results.,Agent mode,P0,P1,Agent,2026-06-04,,,,1,engineering_escalation,high,"Blocking issue causing CI pipeline failures due to premature completion before results are fully written, creating data integrity risk in automated workflows."
changelog,Agent dispose deleted checkpoint blobs incorrectly — silent data loss on teardown,Missing root ref triggered full directory wipe even when checkpoint blobs existed.,Agent mode,P0,P1,Agent,2026-06-04,,,,1,engineering_escalation,high,Silent data loss due to incorrect blob deletion during agent teardown represents critical data integrity failure requiring immediate investigation and fix.
changelog,Cloud sessions failed to stream over HTTP/1.1 — broke proxies and CI images,Streaming assumed HTTP/2. All HTTP/1.1 environments broken silently. Fixed in recent release.,Performance,P0,P0,Performance,2026-06-04,,,,1,engineering_escalation,high,"Complete failure of cloud sessions in HTTP/1.1 environments (proxies, CI) represents a blocking issue affecting entire infrastructure classes with no workaround."
forum,Tab completion returning [not_found] on every request — indexing stuck on loading,Every request logs Error in streaming cpp [not_found]. Tab completely broken. Indexing never completes.,Tab completion,P0,P0,Tab completion,2026-05-11,,,,1,engineering_escalation,high,"Tab completion completely non-functional with indexing failure, blocking core editor feature entirely."
forum,Tab complete shows suggestion but pressing Tab does nothing — or deletes 5-20 unrelated lines,Must type something first to accept suggestion. When it does accept — deletes unrelated code below cursor. Data loss risk.,Tab completion,P0,P0,Tab completion,2025-10-21,,,,1,engineering_escalation,high,Data loss from unrelated code deletion combined with broken tab completion acceptance represents a critical blocker affecting core editor functionality.
forum,Agent deletes files on repeated edits — not intentional deletion but a write bug,Since update 2.1.50 repeated edits to same file result in file deletion. Bug in Cursor file write mechanism.,Agent mode,P0,P0,Agent,2025-12-07,,,,1,engineering_escalation,high,Data loss risk from unintentional file deletion due to write mechanism bug is a blocking critical issue requiring immediate investigation.
forum,Cursor reliably crashes every time Agent mode edits a file,Reproducible: new folder cleared history all extensions disabled. UI freezes moment Agent edits any file. 100% repro.,Agent mode,P0,P0,Agent,2025-11-03,,,,1,engineering_escalation,high,100% reproducible crash blocking Agent mode functionality with UI freeze during file edits represents critical blocker requiring immediate engineering investigation.
reddit,Context compression forgets edits from 2 minutes ago,Not a model bug — compression weights by space occupied not recency. Workaround: shorter sessions.,Context window,P1,P1,Context window,2026-06-09,,,,1,product_triage,high,"User reports context compression algorithm loses recent edits, which breaks the editor's ability to maintain conversation coherence and requires frequent session restarts as a workaround."
reddit,Single prompt consumed 5M tokens in plan mode — API usage jumped 35% to 75%,Triggered by adding MCP server. Same task on Codex used 300k tokens. Suspected bug not feature.,Context window,P1,P1,Performance,2026-06-01,,,,1,product_triage,high,"Significant unintended token consumption (5M vs expected 300k) with measurable billing impact suggests a context window bug, likely related to MCP server integration, with clear workaround unavailable."
changelog,.d.ts files referenced unpublished workspace packages — caused TS2305/TS2307 errors,Published types had internal workspace deps. Silent 'any' on stream types.,Other,P1,P2,Other,2026-06-04,,,,1,product_triage,high,"Published package with unresolved internal dependencies causes TypeScript compilation failures (TS2305/TS2307) for downstream consumers, a broken distribution artifact with no workaround."
changelog,Python SDK list_runs returned spurious agent-not-found errors,Bridge subprocess didn't inherit correct cwd. Fixed in cursor-sdk 0.1.6.,Other,P1,P2,Other,2026-06-04,,,,1,product_triage,high,"A subprocess working directory issue caused spurious errors in the Python SDK's list_runs method, affecting agent functionality with a fix already released."
forum,Code suggestions stopped appearing after clearing settings.json,Chat works fine but Tab suggestions gone. Clearing settings only fixes temporarily. Intermittent.,Tab completion,P1,P1,Tab completion,2026-01-23,,,,1,product_triage,high,"Core feature (tab completion) is broken with only temporary workarounds and intermittent recurrence, indicating a persistent bug in settings persistence or suggestion pipeline."
forum,Tab completion hallucinating suggestions aggressively with no context,Overly aggressive suggestions when no context available. Previously accurate for refactoring — now unreliable.,Tab completion,P1,P1,Tab completion,2026-04-21,,,,1,product_triage,high,"Regression in core feature reliability causing users to distrust suggestions, making tab completion effectively broken for their workflow despite no crash."
forum,Agent/editor mode switch button broken — no way to switch back without CMD+E,Button changes label but doesn't switch modes. Workaround exists (CMD+E) but UX is broken.,Agent mode,P1,P2,Agent,2026-01-05,,,,1,product_triage,high,"Button UI element fails to trigger mode switch despite label change, broken feature with keyboard workaround but poor UX indicates implementation bug"
forum,Agent/editor view selection applies to ALL open Cursor windows — not per-window,Switching to agent view in one window forces all other open windows to switch too. Breaks multi-project workflows.,Agent mode,P1,P2,Agent,2026-03-27,,,,1,product_triage,high,"Significant feature degradation that breaks multi-window workflows by applying view state globally instead of per-window, with no workaround for users managing multiple projects simultaneously."
forum,Agent edits files without accessing them in user mode — bypasses confirmation,Agent auto-creates/edits files using markdown code block syntax without user confirmation. Security concern.,Agent mode,P1,P1,Agent,2025-11-06,,,,1,product_triage,high,"Agent mode bypassing user confirmation for file modifications is a significant feature defect with security implications, though not a complete blocker if users can disable agent mode."
forum,Agent mode applies file changes directly to disk with no diff UI or Accept/Reject controls,After recent update — no red/green diff shown. No Keep/Undo buttons. Changes auto-accepted. Multiple versions affected.,Agent mode,P1,P0,Agent,2026-06-01,,,,1,product_triage,high,"Broken feature with significant workflow degradation: Agent mode applying changes without user review capability is a critical control loss, though users can manually undo file changes if needed."
reddit,Chat becomes unreadable when model presents a question,No way to collapse questions. Confusing UX compared to Codex. Full chat redesign needed.,UI,P2,P1,UI,2026-06-14,,,,1,backlog,high,"User reports annoying UX issue with chat readability when model asks questions, with a workaround possible (scrolling/managing chat), but requests broader redesign suggesting feature/design feedback rather than a critical blocker."
